{
  "neighborhoods": {
    "ALPHABET CITY": 689284.5946969697,
    "ARVERNE": 187500.0,
    "ASTORIA": 312500.0,
    "BAY RIDGE": 207272.7272727273,
    "BAYCHESTER": 223913.04347826086,
    "BEDFORD PARK/NORWOOD": 111501.8508725542,
    "BEDFORD STUYVESANT": 412500.0,
    "BELMONT": 114458.33333333333,
    "BENSONHURST": 147916.6666666667,
    "BOROUGH PARK": 397777.77777777775,
    "BRIGHTON BEACH": 124807.69230769231,
    "BRONXDALE": 127040.8163265306,
    "BROOKLYN HEIGHTS": 244444.44444444444,
    "BROWNSVILLE": 92592.5925925926,
    "BUSHWICK": 447904.64285714284,
    "CARROLL GARDENS": 492565.3181818182,
    "CHELSEA": 233750.0,
    "CIVIC CENTER": 1792857.142857143,
    "CLINTON": 360805.55555555556,
    "CROTONA PARK": 285791.13636363635,
    "CROWN HEIGHTS": 165384.61538461538,
    "CYPRESS HILLS": 85217.40425531915,
    "DOWNTOWN-FULTON FERRY": 327083.3333333333,
    "EAST TREMONT": 102019.76049741602,
    "EAST VILLAGE": 397727.2727272727,
    "ELMHURST": 455495.32608695654,
    "FASHION": 750000.0,
    "FINANCIAL": 950000.0,
    "FLATBUSH-CENTRAL": 116000.0,
    "FLATBUSH-LEFFERTS GARDEN": 119722.22222222222,
    "FLATBUSH-NORTH": 454545.45454545453,
    "FLATIRON": 336818.1818181818,
    "FLUSHING-NORTH": 188888.88888888888,
    "FORDHAM": 98697.36111111112,
    "FOREST HILLS": 172727.27272727274,
    "FORT GREENE": 771095.2380952381,
    "GOWANUS": 640277.0777777778,
    "GRAMERCY": 249433.54545454544,
    "GRAVESEND": 56451.6129032258,
    "GREENPOINT": 400000.0,
    "GREENWICH VILLAGE-CENTRAL": 581888.8888888889,
    "GREENWICH VILLAGE-WEST": 215378.78787878787,
    "HARLEM-CENTRAL": 208027.24475524476,
    "HARLEM-EAST": 409459.45945945947,
    "HARLEM-UPPER": 179166.66666666666,
    "HIGHBRIDGE/MORRIS HEIGHTS": 129865.34722544695,
    "HOLLISWOOD": 45454.545454545456,
    "HUNTS POINT": 96121.31707317074,
    "INWOOD": 158863.63636363635,
    "JACKSON HEIGHTS": 320416.6666666667,
    "JAMAICA": 250000.0,
    "JAMAICA ESTATES": 475000.0,
    "KINGSBRIDGE HTS/UNIV HTS": 77938.50241545893,
    "KINGSBRIDGE/JEROME PARK": 115540.54054054055,
    "KIPS BAY": 332500.0,
    "LONG ISLAND CITY": 252926.82926829267,
    "MADISON": 318229.1666666667,
    "MANHATTAN VALLEY": 217191.28329297822,
    "MELROSE/CONCOURSE": 140245.3,
    "MIDTOWN EAST": 600312.5,
    "MIDTOWN WEST": 366666.6666666667,
    "MIDWOOD": 169791.66666666666,
    "MORRIS PARK/VAN NEST": 137777.77777777778,
    "MORRISANIA/LONGWOOD": 105333.33333333333,
    "MOTT HAVEN/PORT MORRIS": 167415.27599486522,
    "MOUNT HOPE/MOUNT EDEN": 113888.88888888889,
    "MURRAY HILL": 465394.7368421053,
    "OCEAN HILL": 314956.9791666667,
    "OCEAN PARKWAY-NORTH": 154899.7879109226,
    "OCEAN PARKWAY-SOUTH": 198367.3,
    "PARK SLOPE SOUTH": 307638.88888888893,
    "PARKCHESTER": 120440.68831168831,
    "PELHAM PARKWAY NORTH": 165454.54545454544,
    "REGO PARK": 163636.36363636365,
    "RIDGEWOOD": 661538.45,
    "RIVERDALE": 330000.0,
    "SCHUYLERVILLE/PELHAM BAY": 165753.42465753425,
    "SHEEPSHEAD BAY": 207952.68421052632,
    "SOHO": 34440.274193548394,
    "SOUNDVIEW": 97169.81132075471,
    "SOUTHBRIDGE": 670588.2352941176,
    "SUNNYSIDE": 121428.57142857143,
    "UPPER EAST SIDE (59-79)": 666666.6666666666,
    "UPPER EAST SIDE (79-96)": 498214.28571428574,
    "UPPER EAST SIDE (96-110)": 65789.47368421052,
    "UPPER WEST SIDE (59-79)": 277777.77777777775,
    "UPPER WEST SIDE (79-96)": 312500.0,
    "UPPER WEST SIDE (96-116)": 344827.5862068966,
    "WAKEFIELD": 108326.79225536369,
    "WASHINGTON HEIGHTS LOWER": 155232.5581395349,
    "WASHINGTON HEIGHTS UPPER": 184196.8201754386,
    "WESTCHESTER": 152380.95238095237,
    "WILLIAMSBRIDGE": 86761.63522012578,
    "WILLIAMSBURG-EAST": 450000.0,
    "WILLIAMSBURG-NORTH": 631346.0714285714,
    "WILLIAMSBURG-SOUTH": 395276.4583333333,
    "WOODLAWN": 130681.81818181818,
    "WYCKOFF HEIGHTS": 245673.07692307694
  },
  "global_median": 205472.28824833705,
  "dof_assess_per_unit_neighborhoods": {
    "ALPHABET CITY": 114057.95454545454,
    "ARVERNE": null,
    "ASTORIA": 34068.75,
    "BAY RIDGE": 56608.22727272727,
    "BAYCHESTER": 44100.0,
    "BEDFORD PARK/NORWOOD": 18231.425171866736,
    "BEDFORD STUYVESANT": 95750.0,
    "BELMONT": null,
    "BENSONHURST": 23165.625,
    "BOROUGH PARK": 70594.77272727274,
    "BRIGHTON BEACH": 41078.57142857143,
    "BRONXDALE": 22674.48979591837,
    "BROOKLYN HEIGHTS": 100557.5,
    "BROWNSVILLE": null,
    "BUSHWICK": 32053.518907563022,
    "CARROLL GARDENS": null,
    "CHELSEA": null,
    "CIVIC CENTER": 421650.0,
    "CLINTON": 53067.5,
    "CROTONA PARK": 27807.954545454544,
    "CROWN HEIGHTS": 33105.0,
    "CYPRESS HILLS": null,
    "DOWNTOWN-FULTON FERRY": null,
    "EAST TREMONT": 16154.505813953489,
    "EAST VILLAGE": 90512.15034965036,
    "ELMHURST": null,
    "FASHION": null,
    "FINANCIAL": null,
    "FLATBUSH-CENTRAL": 27180.35892323031,
    "FLATBUSH-LEFFERTS GARDEN": 25697.5,
    "FLATBUSH-NORTH": 56536.36363636364,
    "FLATIRON": 59302.17391304348,
    "FLUSHING-NORTH": 51366.153169014084,
    "FORDHAM": 20028.571428571428,
    "FOREST HILLS": null,
    "FORT GREENE": 243257.14285714284,
    "GOWANUS": 85240.0,
    "GRAMERCY": 138937.5,
    "GRAVESEND": null,
    "GREENPOINT": 142272.0,
    "GREENWICH VILLAGE-CENTRAL": 311543.75,
    "GREENWICH VILLAGE-WEST": 351804.54545454547,
    "HARLEM-CENTRAL": 29142.85714285714,
    "HARLEM-EAST": 42438.648648648654,
    "HARLEM-UPPER": 39037.5,
    "HIGHBRIDGE/MORRIS HEIGHTS": 16085.593220338984,
    "HOLLISWOOD": 23494.090909090908,
    "HUNTS POINT": 12643.90243902439,
    "INWOOD": 28084.602272727272,
    "JACKSON HEIGHTS": 34361.25,
    "JAMAICA": null,
    "JAMAICA ESTATES": 85725.0,
    "KINGSBRIDGE HTS/UNIV HTS": 3713.478260869565,
    "KINGSBRIDGE/JEROME PARK": 24445.945945945947,
    "KIPS BAY": null,
    "LONG ISLAND CITY": null,
    "MADISON": 46678.125,
    "MANHATTAN VALLEY": null,
    "MELROSE/CONCOURSE": 18217.241379310344,
    "MIDTOWN EAST": 243759.375,
    "MIDTOWN WEST": 207400.0,
    "MIDWOOD": null,
    "MORRIS PARK/VAN NEST": 25710.0,
    "MORRISANIA/LONGWOOD": 15567.857142857143,
    "MOTT HAVEN/PORT MORRIS": 37207.89473684211,
    "MOUNT HOPE/MOUNT EDEN": 21057.085020242914,
    "MURRAY HILL": 100790.625,
    "OCEAN HILL": 83981.25,
    "OCEAN PARKWAY-NORTH": 82940.625,
    "OCEAN PARKWAY-SOUTH": null,
    "PARK SLOPE SOUTH": null,
    "PARKCHESTER": 34550.64935064935,
    "PELHAM PARKWAY NORTH": null,
    "REGO PARK": 33050.0,
    "RIDGEWOOD": null,
    "RIVERDALE": null,
    "SCHUYLERVILLE/PELHAM BAY": 24975.0,
    "SHEEPSHEAD BAY": null,
    "SOHO": 295207.2580645161,
    "SOUNDVIEW": 16677.272727272728,
    "SOUTHBRIDGE": 182197.0588235294,
    "SUNNYSIDE": 32412.85714285714,
    "UPPER EAST SIDE (59-79)": 117868.01470588235,
    "UPPER EAST SIDE (79-96)": 488153.5714285714,
    "UPPER EAST SIDE (96-110)": null,
    "UPPER WEST SIDE (59-79)": 287450.0,
    "UPPER WEST SIDE (79-96)": 114310.0,
    "UPPER WEST SIDE (96-116)": 66982.65957446808,
    "WAKEFIELD": 23344.897959183672,
    "WASHINGTON HEIGHTS LOWER": 43840.0,
    "WASHINGTON HEIGHTS UPPER": 33666.92307692308,
    "WESTCHESTER": null,
    "WILLIAMSBRIDGE": 16388.349056603773,
    "WILLIAMSBURG-EAST": 85427.02702702703,
    "WILLIAMSBURG-NORTH": 108914.70588235295,
    "WILLIAMSBURG-SOUTH": 30731.25,
    "WOODLAWN": 24719.31818181818,
    "WYCKOFF HEIGHTS": 48011.53846153846
  },
  "dof_assess_per_unit_global": 40728.70879120879
}