{
  "neighborhoods": {
    "AIRPORT LA GUARDIA": 158333.33333333334,
    "ALPHABET CITY": 377777.77777777775,
    "ANNADALE": 47428.57142857143,
    "ARROCHAR": 199999.9375,
    "ARVERNE": 168750.0,
    "ASTORIA": 266666.6666666667,
    "BATH BEACH": 300000.0,
    "BATHGATE": 136979.1666666667,
    "BAY RIDGE": 216666.66666666666,
    "BAYCHESTER": 218750.0,
    "BAYSIDE": 334500.0,
    "BEDFORD PARK/NORWOOD": 123821.83908045976,
    "BEDFORD STUYVESANT": 388750.0,
    "BELLE HARBOR": 313392.85714285716,
    "BELMONT": 200000.0,
    "BENSONHURST": 425000.0,
    "BERGEN BEACH": 334605.0,
    "BOERUM HILL": 505906.25,
    "BOROUGH PARK": 399750.0,
    "BRIARWOOD": 415625.0,
    "BRIGHTON BEACH": 185625.0,
    "BRONX PARK": 313333.3333333334,
    "BRONXDALE": 196875.0,
    "BROOKLYN HEIGHTS": 788888.8888888889,
    "BROWNSVILLE": 238750.0,
    "BULLS HEAD": 104166.66666666667,
    "BUSH TERMINAL": 300000.0,
    "BUSHWICK": 239583.33333333334,
    "CANARSIE": 200000.0,
    "CARROLL GARDENS": 761666.6666666667,
    "CASTLE HILL/UNIONPORT": 243125.0,
    "CASTLETON CORNERS": 212500.0,
    "CHELSEA": 416523.9166666667,
    "CHINATOWN": 286363.63636363635,
    "CITY ISLAND": 165833.3333333333,
    "CIVIC CENTER": 1501166.6666666667,
    "CLINTON": 384615.3846153846,
    "CLINTON HILL": 508333.2083333334,
    "COBBLE HILL": 950625.0,
    "COBBLE HILL-WEST": 525000.0,
    "COLLEGE POINT": 221250.0,
    "CONCORD": 180200.0,
    "CONEY ISLAND": 140000.0,
    "CORONA": 315000.0,
    "COUNTRY CLUB": 248750.0,
    "CROTONA PARK": 126346.15384615384,
    "CROWN HEIGHTS": 300000.0,
    "CYPRESS HILLS": 187500.0,
    "DONGAN HILLS-COLONY": 287500.0,
    "DOUGLASTON": 465000.0,
    "DOWNTOWN-FULTON MALL": 873214.2857142857,
    "DOWNTOWN-METROTECH": 361563.0,
    "DYKER HEIGHTS": 416333.3333333333,
    "EAST ELMHURST": 325000.0,
    "EAST NEW YORK": 212500.0,
    "EAST TREMONT": 151851.85185185185,
    "EAST VILLAGE": 300000.0,
    "ELMHURST": 248629.875,
    "FAR ROCKAWAY": 113000.0,
    "FLATBUSH-CENTRAL": 199000.0,
    "FLATBUSH-EAST": 212500.0,
    "FLATBUSH-LEFFERTS GARDEN": 303750.0,
    "FLATBUSH-NORTH": 227500.0,
    "FLATIRON": 700000.0,
    "FLATLANDS": 340625.0,
    "FLUSHING-NORTH": 312500.0,
    "FLUSHING-SOUTH": 268625.0,
    "FORDHAM": 157692.3076923077,
    "FOREST HILLS": 658935.4375,
    "FORT GREENE": 586250.0,
    "GLENDALE": 205250.0,
    "GOWANUS": 400000.0,
    "GRAMERCY": 342277.77777777775,
    "GRANT CITY": 132916.6666666667,
    "GRAVESEND": 400000.0,
    "GREAT KILLS": 334375.0,
    "GREAT KILLS-BAY TERRACE": 168750.0,
    "GREENPOINT": 385000.0,
    "GREENWICH VILLAGE-CENTRAL": 450000.0,
    "GREENWICH VILLAGE-WEST": 606250.0,
    "HAMMELS": 216714.2857142857,
    "HARLEM-CENTRAL": 265481.6,
    "HARLEM-EAST": 174333.3333333333,
    "HARLEM-UPPER": 254001.60576923075,
    "HARLEM-WEST": 283333.3333333333,
    "HIGHBRIDGE/MORRIS HEIGHTS": 138367.22488038277,
    "HOLLIS": 301250.0,
    "HOWARD BEACH": 250000.0,
    "HUNTS POINT": 237500.0,
    "INWOOD": 106360.0,
    "JACKSON HEIGHTS": 174375.0,
    "JAMAICA": 293250.0,
    "JAMAICA ESTATES": 91666.66666666667,
    "JAMAICA HILLS": 350000.0,
    "JAVITS CENTER": 281136.36363636365,
    "KENSINGTON": 362500.0,
    "KEW GARDENS": 275000.0,
    "KINGSBRIDGE HTS/UNIV HTS": 113873.1884057971,
    "KINGSBRIDGE/JEROME PARK": 175000.0,
    "KIPS BAY": 459890.10989010986,
    "LITTLE ITALY": 522222.22222222225,
    "LITTLE NECK": 208333.33333333334,
    "LIVINGSTON": 341250.0,
    "LONG ISLAND CITY": 224000.0,
    "LOWER EAST SIDE": 273958.3333333333,
    "MADISON": 255750.0,
    "MANHATTAN BEACH": 1000000.0,
    "MANHATTAN VALLEY": 125000.0,
    "MARINE PARK": 212500.0,
    "MARINERS HARBOR": 206187.5,
    "MASPETH": 287500.0,
    "MELROSE/CONCOURSE": 178636.36363636365,
    "MIDDLE VILLAGE": 303125.0,
    "MIDLAND BEACH": 205000.0,
    "MIDTOWN EAST": 461562.5,
    "MIDTOWN WEST": 407583.3333333334,
    "MIDWOOD": 272500.0,
    "MORRIS PARK/VAN NEST": 216666.66666666666,
    "MORRISANIA/LONGWOOD": 213267.5438596491,
    "MOTT HAVEN/PORT MORRIS": 148087.85529715763,
    "MOUNT HOPE/MOUNT EDEN": 114423.07692307692,
    "MURRAY HILL": 589583.3333333333,
    "NAVY YARD": 396875.0,
    "NEW BRIGHTON": 225000.0,
    "NEW BRIGHTON-ST. GEORGE": 59375.0,
    "NEW DORP": 168750.0,
    "NEW SPRINGVILLE": 234583.33333333334,
    "OAKWOOD": 213750.0,
    "OAKWOOD-BEACH": 124375.0,
    "OCEAN HILL": 143750.0,
    "OCEAN PARKWAY-NORTH": 217500.0,
    "OCEAN PARKWAY-SOUTH": 462500.0,
    "OLD MILL BASIN": 207083.33333333334,
    "OZONE PARK": 88461.5,
    "PARK SLOPE": 775000.0,
    "PARK SLOPE SOUTH": 382500.0,
    "PARKCHESTER": 221111.11111111112,
    "PELHAM GARDENS": 325000.0,
    "PELHAM PARKWAY NORTH": 137500.0,
    "PELHAM PARKWAY SOUTH": 210666.66666666666,
    "PORT IVORY": 221250.0,
    "PORT RICHMOND": 166250.0,
    "PROSPECT HEIGHTS": 525000.0,
    "QUEENS VILLAGE": 156249.875,
    "RED HOOK": 364062.5,
    "REGO PARK": 222204.54545454547,
    "RICHMOND HILL": 177500.0,
    "RIDGEWOOD": 250000.0,
    "RIVERDALE": 285625.0,
    "ROCKAWAY PARK": 142107.38636363635,
    "ROSEBANK": 177272.72727272726,
    "SCHUYLERVILLE/PELHAM BAY": 225000.0,
    "SEAGATE": 129166.66666666666,
    "SHEEPSHEAD BAY": 342500.0,
    "SILVER LAKE": 172499.9375,
    "SOHO": 512500.0,
    "SOUNDVIEW": 238125.0,
    "SOUTH BEACH": 218750.0,
    "SOUTH JAMAICA": 144093.33333333334,
    "SOUTH OZONE PARK": 184125.0,
    "SOUTHBRIDGE": 137500.0,
    "SPRINGFIELD GARDENS": 222888.1,
    "ST. ALBANS": 116250.0,
    "STAPLETON": 200000.0,
    "SUNNYSIDE": 208333.33333333334,
    "SUNSET PARK": 238333.3333333333,
    "THROGS NECK": 225000.0,
    "TOMPKINSVILLE": 202500.0,
    "TOTTENVILLE": 204166.66666666666,
    "TRIBECA": 661250.0,
    "UPPER EAST SIDE (59-79)": 391123.2142857143,
    "UPPER EAST SIDE (79-96)": 348666.6666666667,
    "UPPER EAST SIDE (96-110)": 794444.4444444445,
    "UPPER WEST SIDE (59-79)": 451666.6666666666,
    "UPPER WEST SIDE (79-96)": 389423.07692307694,
    "UPPER WEST SIDE (96-116)": 429642.8,
    "WAKEFIELD": 152714.2857142857,
    "WASHINGTON HEIGHTS LOWER": 220312.5,
    "WASHINGTON HEIGHTS UPPER": 145000.0,
    "WEST NEW BRIGHTON": 249500.0,
    "WESTCHESTER": 200000.0,
    "WESTERLEIGH": 180000.0,
    "WHITESTONE": 324500.0,
    "WILLIAMSBRIDGE": 205000.0,
    "WILLIAMSBURG-CENTRAL": 478125.0,
    "WILLIAMSBURG-EAST": 434285.7142857143,
    "WILLIAMSBURG-NORTH": 771875.0,
    "WILLIAMSBURG-SOUTH": 487500.0,
    "WILLOWBROOK": 296665.8333333334,
    "WINDSOR TERRACE": 421875.0,
    "WOODHAVEN": 168586.5833333333,
    "WOODLAWN": 272857.14285714284,
    "WOODSIDE": 242000.0,
    "WYCKOFF HEIGHTS": 184166.6666666667
  },
  "global_median": 275000.0,
  "dof_assess_per_unit_neighborhoods": {
    "AIRPORT LA GUARDIA": 44250.0,
    "ALPHABET CITY": 111518.18181818182,
    "ANNADALE": 35550.0,
    "ARROCHAR": null,
    "ARVERNE": 36787.5,
    "ASTORIA": 68550.0,
    "BATH BEACH": 74700.0,
    "BATHGATE": 36840.47619047619,
    "BAY RIDGE": 66225.0,
    "BAYCHESTER": 61987.5,
    "BAYSIDE": 84150.0,
    "BEDFORD PARK/NORWOOD": 18860.744680851065,
    "BEDFORD STUYVESANT": 44175.0,
    "BELLE HARBOR": 31074.107142857145,
    "BELMONT": 34399.03846153846,
    "BENSONHURST": 78468.75,
    "BERGEN BEACH": 48937.5,
    "BOERUM HILL": 152212.5,
    "BOROUGH PARK": 73968.75,
    "BRIARWOOD": 64775.0,
    "BRIGHTON BEACH": 41793.75,
    "BRONX PARK": 27645.0,
    "BRONXDALE": 47109.375,
    "BROOKLYN HEIGHTS": 162191.25,
    "BROWNSVILLE": 40275.0,
    "BULLS HEAD": null,
    "BUSH TERMINAL": 60468.75,
    "BUSHWICK": 72975.0,
    "CANARSIE": 43443.75,
    "CARROLL GARDENS": 131343.75,
    "CASTLE HILL/UNIONPORT": 69975.0,
    "CASTLETON CORNERS": null,
    "CHELSEA": 116850.0,
    "CHINATOWN": 50279.0625,
    "CITY ISLAND": 67050.0,
    "CIVIC CENTER": 314100.0,
    "CLINTON": 141092.3076923077,
    "CLINTON HILL": 82350.0,
    "COBBLE HILL": 152718.75,
    "COBBLE HILL-WEST": 62730.0,
    "COLLEGE POINT": 41400.0,