{
  "neighborhoods": {
    "AIRPORT LA GUARDIA": 158333.33333333334,
    "ALPHABET CITY": 525000.0,
    "ANNADALE": 47428.57142857143,
    "ARROCHAR": 199999.9375,
    "ARVERNE": 175000.0,
    "ASTORIA": 266666.6666666667,
    "BATH BEACH": 300000.0,
    "BATHGATE": 136979.1666666667,
    "BAY RIDGE": 214583.3333333333,
    "BAYCHESTER": 219375.0,
    "BAYSIDE": 334500.0,
    "BEDFORD PARK/NORWOOD": 122281.42076502732,
    "BEDFORD STUYVESANT": 388750.0,
    "BELLE HARBOR": 313392.85714285716,
    "BELMONT": 186363.63636363635,
    "BENSONHURST": 425000.0,
    "BERGEN BEACH": 334605.0,
    "BOERUM HILL": 505906.25,
    "BOROUGH PARK": 398763.8888888889,
    "BRIARWOOD": 415625.0,
    "BRIGHTON BEACH": 182142.85714285713,
    "BRONX PARK": 313333.3333333334,
    "BRONXDALE": 176250.0,
    "BROOKLYN HEIGHTS": 788888.8888888889,
    "BROWNSVILLE": 237500.0,
    "BULLS HEAD": 104166.66666666667,
    "BUSH TERMINAL": 300000.0,
    "BUSHWICK": 250412.75,
    "CANARSIE": 200000.0,
    "CARROLL GARDENS": 758333.3333333334,
    "CASTLE HILL/UNIONPORT": 243125.0,
    "CASTLETON CORNERS": 212500.0,
    "CHELSEA": 412500.0,
    "CHINATOWN": 286363.63636363635,
    "CITY ISLAND": 165833.3333333333,
    "CIVIC CENTER": 1647011.9047619049,
    "CLINTON": 384615.3846153846,
    "CLINTON HILL": 508333.2083333334,
    "COBBLE HILL": 950625.0,
    "COBBLE HILL-WEST": 525000.0,
    "COLLEGE POINT": 221250.0,
    "CONCORD": 180200.0,
    "CONEY ISLAND": 140000.0,
    "CORONA": 315000.0,
    "COUNTRY CLUB": 248750.0,
    "CROTONA PARK": 132692.3076923077,
    "CROWN HEIGHTS": 290088.23529411765,
    "CYPRESS HILLS": 182500.0,
    "DONGAN HILLS-COLONY": 287500.0,
    "DOUGLASTON": 465000.0,
    "DOWNTOWN-FULTON FERRY": 327083.3333333333,
    "DOWNTOWN-FULTON MALL": 873214.2857142857,
    "DOWNTOWN-METROTECH": 361563.0,
    "DYKER HEIGHTS": 416333.3333333333,
    "EAST ELMHURST": 325000.0,
    "EAST NEW YORK": 212500.0,
    "EAST TREMONT": 141914.80952380953,
    "EAST VILLAGE": 300000.0,
    "ELMHURST": 248629.875,
    "FAR ROCKAWAY": 113000.0,
    "FASHION": 750000.0,
    "FINANCIAL": 950000.0,
    "FLATBUSH-CENTRAL": 162289.17378917377,
    "FLATBUSH-EAST": 212500.0,
    "FLATBUSH-LEFFERTS GARDEN": 271428.5714285714,
    "FLATBUSH-NORTH": 227500.0,
    "FLATIRON": 391235.17786561267,
    "FLATLANDS": 340625.0,
    "FLUSHING-NORTH": 306250.0,
    "FLUSHING-SOUTH": 268625.0,
    "FORDHAM": 137500.0,
    "FOREST HILLS": 381250.0,
    "FORT GREENE": 587678.5714285714,
    "GLENDALE": 205250.0,
    "GOWANUS": 455625.0,
    "GRAMERCY": 317467.1717171717,
    "GRANT CITY": 132916.6666666667,
    "GRAVESEND": 400000.0,
    "GREAT KILLS": 334375.0,
    "GREAT KILLS-BAY TERRACE": 168750.0,
    "GREENPOINT": 393333.3333333333,
    "GREENWICH VILLAGE-CENTRAL": 450000.0,
    "GREENWICH VILLAGE-WEST": 426250.0,
    "HAMMELS": 216714.2857142857,
    "HARLEM-CENTRAL": 258629.3831168831,
    "HARLEM-EAST": 187500.0,
    "HARLEM-UPPER": 215625.0,
    "HARLEM-WEST": 283333.3333333333,
    "HIGHBRIDGE/MORRIS HEIGHTS": 132837.95962509012,
    "HOLLIS": 301250.0,
    "HOLLISWOOD": 45454.545454545456,
    "HOWARD BEACH": 250000.0,
    "HUNTS POINT": 223750.0,
    "INWOOD": 107500.0,
    "JACKSON HEIGHTS": 174375.0,
    "JAMAICA": 274125.0,
    "JAMAICA ESTATES": 283333.3333333333,
    "JAMAICA HILLS": 350000.0,
    "JAVITS CENTER": 281136.36363636365,
    "KENSINGTON": 362500.0,
    "KEW GARDENS": 275000.0,
    "KINGSBRIDGE HTS/UNIV HTS": 111111.11111111111,
    "KINGSBRIDGE/JEROME PARK": 133707.9365079365,
    "KIPS BAY": 442857.14285714284,
    "LITTLE ITALY": 522222.22222222225,
    "LITTLE NECK": 208333.33333333334,
    "LIVINGSTON": 341250.0,
    "LONG ISLAND CITY": 224500.0,
    "LOWER EAST SIDE": 273958.3333333333,
    "MADISON": 255750.0,
    "MANHATTAN BEACH": 1000000.0,
    "MANHATTAN VALLEY": 191525.42372881356,
    "MARINE PARK": 212500.0,
    "MARINERS HARBOR": 206187.5,
    "MASPETH": 287500.0,
    "MELROSE/CONCOURSE": 176677.6436781609,
    "MIDDLE VILLAGE": 303125.0,
    "MIDLAND BEACH": 205000.0,
    "MIDTOWN EAST": 546875.0,
    "MIDTOWN WEST": 388235.29411764705,
    "MIDWOOD": 211410.0,
    "MORRIS PARK/VAN NEST": 208333.3333333333,
    "MORRISANIA/LONGWOOD": 200000.0,
    "MOTT HAVEN/PORT MORRIS": 149476.74418604653,
    "MOUNT HOPE/MOUNT EDEN": 114155.9829059829,
    "MURRAY HILL": 547083.3333333333,
    "NAVY YARD": 396875.0,
    "NEW BRIGHTON": 225000.0,
    "NEW BRIGHTON-ST. GEORGE": 59375.0,
    "NEW DORP": 168750.0,
    "NEW SPRINGVILLE": 234583.33333333334,
    "OAKWOOD": 213750.0,
    "OAKWOOD-BEACH": 124375.0,
    "OCEAN HILL": 150000.0,
    "OCEAN PARKWAY-NORTH": 191666.66666666666,
    "OCEAN PARKWAY-SOUTH": 462500.0,
    "OLD MILL BASIN": 207083.33333333334,
    "OZONE PARK": 88461.5,
    "PARK SLOPE": 775000.0,
    "PARK SLOPE SOUTH": 382500.0,
    "PARKCHESTER": 220000.0,
    "PELHAM GARDENS": 325000.0,
    "PELHAM PARKWAY NORTH": 151477.2727272727,
    "PELHAM PARKWAY SOUTH": 210666.66666666666,
    "PORT IVORY": 221250.0,
    "PORT RICHMOND": 166250.0,
    "PROSPECT HEIGHTS": 525000.0,
    "QUEENS VILLAGE": 156249.875,
    "RED HOOK": 364062.5,
    "REGO PARK": 163636.36363636365,
    "RICHMOND HILL": 177500.0,
    "RIDGEWOOD": 250000.0,
    "RIVERDALE": 295312.5,
    "ROCKAWAY PARK": 142107.38636363635,
    "ROSEBANK": 177272.72727272726,
    "SCHUYLERVILLE/PELHAM BAY": 212499.0,
    "SEAGATE": 129166.66666666666,
    "SHEEPSHEAD BAY": 215619.45021337125,
    "SILVER LAKE": 172499.9375,
    "SOHO": 151190.47619047618,
    "SOUNDVIEW": 237500.0,
    "SOUTH BEACH": 218750.0,
    "SOUTH JAMAICA": 144093.33333333334,
    "SOUTH OZONE PARK": 184125.0,
    "SOUTHBRIDGE": 147916.6666666667,
    "SPRINGFIELD GARDENS": 222888.1,
    "ST. ALBANS": 116250.0,
    "STAPLETON": 200000.0,
    "SUNNYSIDE": 206250.0,
    "SUNSET PARK": 238333.3333333333,
    "THROGS NECK": 225000.0,
    "TOMPKINSVILLE": 202500.0,
    "TOTTENVILLE": 204166.66666666666,
    "TRIBECA": 661250.0,
    "UPPER EAST SIDE (59-79)": 431818.1818181818,
    "UPPER EAST SIDE (79-96)": 406387.8676470588,
    "UPPER EAST SIDE (96-110)": 794444.4444444445,
    "UPPER WEST SIDE (59-79)": 433333.3333333333,
    "UPPER WEST SIDE (79-96)": 375000.0,
    "UPPER WEST SIDE (96-116)": 394482.0,
    "WAKEFIELD": 147916.6666666667,
    "WASHINGTON HEIGHTS LOWER": 200000.0,
    "WASHINGTON HEIGHTS UPPER": 151455.73076923078,
    "WEST NEW BRIGHTON": 249500.0,
    "WESTCHESTER": 198750.0,
    "WESTERLEIGH": 180000.0,
    "WHITESTONE": 324500.0,
    "WILLIAMSBRIDGE": 195833.3333333333,
    "WILLIAMSBURG-CENTRAL": 478125.0,
    "WILLIAMSBURG-EAST": 440000.0,
    "WILLIAMSBURG-NORTH": 759375.0,
    "WILLIAMSBURG-SOUTH": 395276.4583333333,
    "WILLOWBROOK": 296665.8333333334,
    "WINDSOR TERRACE": 421875.0,
    "WOODHAVEN": 168586.5833333333,
    "WOODLAWN": 200000.0,
    "WOODSIDE": 242000.0,
    "WYCKOFF HEIGHTS": 185000.0
  },
  "global_median": 270000.0,
  "dof_assess_per_unit_neighborhoods": {
    "AIRPORT LA GUARDIA": 44250.0,
    "ALPHABET CITY": 111518.18181818182,
    "ANNADALE": 35550.0,
    "ARROCHAR": null,
    "ARVERNE": 36787.5,
    "ASTORIA": 68531.25,
    "BATH BEACH": 74700.0,
    "BATHGATE": 36840.47619047619,
    "BAY RIDGE": 65175.0,
    "BAYCHESTER": 57937.5,
    "BAYSIDE": 84150.0,
    "BEDFORD PARK/NORWOOD": 18860.744680851065,
    "BEDFORD STUYVESANT": 44280.0,
    "BELLE HARBOR": 31074.107142857145,
    "BELMONT": 34399.03846153846,
    "BENSONHURST": 78075.0,
    "BERGEN BEACH": 48937.5,
    "BOERUM HILL": 152212.5,
    "BOROUGH PARK": 73699.77272727274,
    "BRIARWOOD": 64775.0,
    "BRIGHTON BEACH": 41078.57142857143,
    "BRONX PARK": 27645.0,
    "BRONXDALE": 35493.75,
    "BROOKLYN HEIGHTS": 155756.25,
    "BROWNSVILLE": 40275.0,
    "BULLS HEAD": null,
    "BUSH TERMINAL": 60468.75,
    "BUSHWICK": 72975.0,
    "CANARSIE": 43443.75,
    "CARROLL GARDENS": 131343.75,
    "CASTLE HILL/UNIONPORT": 69975.0,
    "CASTLETON CORNERS": null,
    "CHELSEA": 116850.0,