{
  "n_estimators": 1000,
  "learning_rate": 0.0628615809867817,
  "max_depth": 6,
  "min_child_weight": 11,
  "subsample": 0.9085681669812381,
  "colsample_bytree": 0.5227737312883748,
  "gamma": 0.6841406715982778,
  "reg_alpha": 0.6056179342561134,
  "reg_lambda": 0.8771501196429909
}