{
  "neighborhoods": {
    "ALPHABET CITY": 8685245.0,
    "ASTORIA": 6100000.0,
    "BAY RIDGE": 7125000.0,
    "BEDFORD PARK/NORWOOD": 4753290.0,
    "BEDFORD STUYVESANT": 6410108.0,
    "BOERUM HILL": 10000000.0,
    "BOROUGH PARK": 2910084.5,
    "BRIGHTON BEACH": 12875000.0,
    "CASTLE HILL/UNIONPORT": 4650000.0,
    "CHELSEA": 10500000.0,
    "CROWN HEIGHTS": 8500000.0,
    "CYPRESS HILLS": 4165000.0,
    "DOWNTOWN-FULTON FERRY": 2200000.0,
    "ELMHURST": 3640000.0,
    "FINANCIAL": 10250000.0,
    "FLATBUSH-CENTRAL": 7173500.0,
    "FLATBUSH-NORTH": 5000000.0,
    "FLUSHING-NORTH": 11500000.0,
    "FORDHAM": 5780970.0,
    "GRAMERCY": 5300000.0,
    "GREENPOINT": 5525000.0,
    "GREENWICH VILLAGE-CENTRAL": 8250000.0,
    "GREENWICH VILLAGE-WEST": 4900000.0,
    "HARLEM-EAST": 6100000.0,
    "HARLEM-UPPER": 8700000.0,
    "HARLEM-WEST": 2200000.0,
    "HIGHBRIDGE/MORRIS HEIGHTS": 10680858.0,
    "INWOOD": 6300000.0,
    "JACKSON HEIGHTS": 7000000.0,
    "JAMAICA": 7150000.0,
    "KEW GARDENS": 9003979.0,
    "KINGSBRIDGE HTS/UNIV HTS": 5217290.0,
    "KINGSBRIDGE/JEROME PARK": 5400000.0,
    "LITTLE ITALY": 11750000.0,
    "LONG ISLAND CITY": 7000000.0,
    "LOWER EAST SIDE": 800000.0,
    "MIDWOOD": 5125000.0,
    "MORRISANIA/LONGWOOD": 7604256.5,
    "MOUNT HOPE/MOUNT EDEN": 4400000.0,
    "OCEAN HILL": 8500000.0,
    "PELHAM PARKWAY SOUTH": 6946970.0,
    "REGO PARK": 5518568.0,
    "RIDGEWOOD": 2525000.0,
    "ROSEBANK": 2700000.0,
    "SCHUYLERVILLE/PELHAM BAY": 4226855.0,
    "SOHO": 5300000.0,
    "SOUNDVIEW": 7500000.0,
    "TRIBECA": 5900000.0,
    "UPPER EAST SIDE (59-79)": 6983333.5,
    "UPPER EAST SIDE (79-96)": 7700000.0,
    "UPPER WEST SIDE (59-79)": 8435000.0,
    "UPPER WEST SIDE (79-96)": 4000000.0,
    "UPPER WEST SIDE (96-116)": 2277250.0,
    "WASHINGTON HEIGHTS LOWER": 5850000.0,
    "WASHINGTON HEIGHTS UPPER": 5018750.0,
    "WESTCHESTER": 8603000.0,
    "WILLIAMSBRIDGE": 4325750.0,
    "WILLIAMSBURG-EAST": 8365275.0,
    "WINDSOR TERRACE": 6900000.0
  },
  "global_median": 5900000.0,
  "stabilization_ratio_neighborhoods": {
    "ALPHABET CITY": 0.0714285714285714,
    "ASTORIA": 0.0,
    "BAY RIDGE": 0.0,
    "BEDFORD PARK/NORWOOD": 0.9743589743589745,
    "BEDFORD STUYVESANT": 0.0,
    "BOERUM HILL": 0.2,
    "BOROUGH PARK": 0.0,
    "BRIGHTON BEACH": 0.0,
    "CASTLE HILL/UNIONPORT": 0.0,
    "CHELSEA": 0.0833333333333333,
    "CROWN HEIGHTS": 0.0,
    "CYPRESS HILLS": 0.0,
    "DOWNTOWN-FULTON FERRY": 0.0,
    "ELMHURST": 0.0,
    "FINANCIAL": 0.0,
    "FLATBUSH-CENTRAL": 0.875,
    "FLATBUSH-NORTH": 0.0,
    "FLUSHING-NORTH": 0.0,
    "FORDHAM": 0.3636363636363636,
    "GRAMERCY": 0.1547619047619047,
    "GREENPOINT": 0.0,
    "GREENWICH VILLAGE-CENTRAL": 0.0805555555555555,
    "GREENWICH VILLAGE-WEST": 0.1,
    "HARLEM-EAST": 0.0,
    "HARLEM-UPPER": 0.6666666666666666,
    "HARLEM-WEST": 0.1739130434782608,
    "HIGHBRIDGE/MORRIS HEIGHTS": 0.9672131147540984,
    "INWOOD": 0.9090909090909092,
    "JACKSON HEIGHTS": 0.0,
    "JAMAICA": 0.0,
    "KEW GARDENS": 0.9463946869070208,
    "KINGSBRIDGE HTS/UNIV HTS": 0.9846153846153848,
    "KINGSBRIDGE/JEROME PARK": 1.0,
    "LITTLE ITALY": 0.1767195767195767,
    "LONG ISLAND CITY": 0.0,
    "LOWER EAST SIDE": 0.1433333333333333,
    "MIDWOOD": 0.9131868131868132,
    "MORRISANIA/LONGWOOD": 1.0,
    "MOUNT HOPE/MOUNT EDEN": 0.0,
    "OCEAN HILL": 0.0,
    "PELHAM PARKWAY SOUTH": 0.9861111111111112,
    "REGO PARK": 0.8381212950296397,
    "RIDGEWOOD": 0.0,
    "ROSEBANK": 0.0,
    "SCHUYLERVILLE/PELHAM BAY": 0.0,
    "SOHO": 0.2,
    "SOUNDVIEW": 0.0,
    "TRIBECA": 0.9927536231884058,
    "UPPER EAST SIDE (59-79)": 0.2,
    "UPPER EAST SIDE (79-96)": 0.1764705882352941,
    "UPPER WEST SIDE (59-79)": 0.0,
    "UPPER WEST SIDE (79-96)": 0.0476190476190476,
    "UPPER WEST SIDE (96-116)": 0.0625,
    "WASHINGTON HEIGHTS LOWER": 0.8047619047619048,
    "WASHINGTON HEIGHTS UPPER": 0.696969696969697,
    "WESTCHESTER": 0.0,
    "WILLIAMSBRIDGE": 0.0,
    "WILLIAMSBURG-EAST": 0.0,
    "WINDSOR TERRACE": 0.0
  },
  "stabilization_ratio_global_median": 0.1739130434782608
}